title,source
Keď sa domov zmení na terč a zo spánku sa stane nepriateľ,DennikN
Trumpov svet (308. deň): Zoznam ruských prianí? Trumpov plán pre Ukrajinu sprevádza chaos,DennikN
Moja nevesta sa pri starostlivosti o dieťa často díva do telefónu namiesto na dcéru. Mám s ňou o tom hovoriť?,DennikN
"Ráno s NHL: Jeden jedol palacinky, ďalší hral na gajdách. Z bizarných zranení hokejistov vyniká to Gáboríkovo",DennikN
Ekonomický newsfilter: Vláda chce zavrieť ústa oznamovateľom korupcie,DennikN
"Nedeľná nekázeň: Luther ho nazval judášom, katolícka vrchnosť dala jeho spisy na index",DennikN
"Vyhráva preteky a ľudia sa jej pýtajú, kedy bude svadba. Shiffrin o nevhodných otázkach, ktoré zažívajú mnohé ženy",DennikN
"Týždňový newsfilter: Máme za sebou ďalší krok k autokracii, ale ešte nie je všetko stratené",DennikN
Diskvalifikované mclareny vracajú Verstappena do hry o titul,DennikN
Trumpova „zradkyňa“ odchádza: rozpad ikonického spojenectva otriasa hnutím MAGA,DennikN
Masaker v Pešávare: Útok na pakistanskú políciu znova vyvolal napätie v regióne,Aktuality
Požiar na letisku Brno-Tuřany: zasiahnutá plocha 5 000 m² a tretí stupeň poplachu,Aktuality
Aktuálny stav ciest na Slovensku: Na horských priechodoch pozor na poľadovicu,Aktuality
"Čína si v Európe buduje skrytý vplyv. Pre Slovensko je to hrozba, tvrdí česká europoslankyňa Gregorová",Aktuality
Rozpustenie DOGE: Aký bol skutočný dopad na federálnu vládu?,Aktuality
Zoltán Berghauer po odchode z úspešnej firmy: Niekto si kúpi auto alebo lietadlo. Ja som sa rozhodol inak (podcast),Aktuality
Zaženie chorobu aj upírov. Čo ešte táto liečivá zelenina dokáže?,Aktuality
Známe nákupné centrum v problémoch. Napriek obrovskej strate a odchádzajúcim značkám avizuje novinky,Aktuality
Nová 5G sieť od O2 mení pravidlá,Aktuality
"Zasadnú viaceré výbory, opozičné strany chystajú tlačovky (prehľad očakávaných udalostí)",Aktuality
"Nebolo to všeobecné ohrozenie, rozhodla polícia o riadení pandémie za Matoviča. Vyšetrujú sa podozrenia z iných zločinov",Aktuality
Peter Pellegrini označil Trumpov mierový plán pre Ukrajinu za krok správnym smerom,Aktuality
Siniša Karan sa stal víťazom predčasných volieb v Republike srbskej,Aktuality
"Zimný Pondelok: Plošné sneženie, mrazy a víchrica v horách",Aktuality
Mierová rokovania v Ženeve prinášajú pre Ukrajinu nové návrhy riešení,Aktuality
