titulok,kategoria
"Firma z Prešova vykupuje od lekární lieky. O tom, či ich vyváža do zahraničia, mlčí",
Aj jeden názor môže zmeniť postoj celého Ústavného súdu. Fiačan poslancom pripomenul ich povinnosť,
"Oznamovateľka korupcie: Ak po zrušení úradu stratím prácu, budem uvažovať o odchode zo Slovenska",
Únia sa bude naozaj trhať a treba si vybrať,
Na vianočných trhoch v Bratislave si za pečenú klobásu pýtajú deväť eur. Ceny tento rok opäť narástli,
Ako je to s Benešovými dekrétmi: Čo sa deje na južnom Slovensku a čo skutočne navrhuje PS?,
Za tatranským hotelovým kolosom sa v tichosti objavila firma známeho oligarchu,
"Je jedno, čo ste čakali. Finále Stranger Things dokazuje, prečo je najlepším seriálom Netflixu",
Cynická obluda: Akútna hrozba porušovania základných ľudských práv,
"SME Minúta: Koalícia nemá istotu, že Pellegrini podpíše zrušenie protikorupčného úradu. Kroky vlády nechápe",
"Afganistan je pekelná diera, vraví Trump. Po útoku v DC chystá kolektívny trest",
"SME Minúta: Európa sa obáva, že Trump podmieni bezpečnostné záruky Ukrajine uzavretím mierovej dohody",
"Ako sa žije na Slovensku: Človek by neveril, koľko toho telo dokáže vydržať, hovorí rušňovodič",
Šeherezáda lákala viac než španielske hviezdy. Pre koho ten futbal robíme? pýtal sa Weiss,
"Opravu múru v havarijnom stave nemá kto vykonať. Hrozí poškodenie domu, cesty aj plynovodu",
"Novým šéfom rozhlasu bude Peter Janků, doterajší asistent poslanca KDH Jozefa Hajka",
Ochranári spochybňujú verziu funkcionára poľovníckej komory. Nesedí čas a miesto obhliadky zastreleného vlka,
The Government’s Propaganda War Now Says Péter Magyar Wants to Tax Kittens (136 Days Until the Election),
Sudcovia ako „návod na zárobok“? Analýza sporného rozhovoru Ayše Pružinec Eren,
Orbánova propaganda bojuje proti Magyarovi aj mačiatkami (136 dní do volieb),
"Vývoj bojov (1372. deň): Prekážky sú srdcom ukrajinskej obrany. Tento rok ich začali stavať správne, tvrdí analytik",
"Štát obnovuje staré konfiškácie. Vysvetľujeme, v čom je dnes problém s Benešovými dekrétmi",
"Neočakávame, že úroky hypoték pôjdu hlbšie pod 3 percentá, hovoria odborníci na reality Kuba a Molnár",
Česi rozumejú Hartlovi a Hartl Čechom napriek frflaniu literárnych kritikov. S Vieweghom a Bočkom je to horšie,
Podľa PS Taraba škrečkuje pre Babiša peniaze určené na vrakunskú skládku a gudrónové jamy,
"Únia musí prevziať vedúcu úlohu pri rokovaniach o Ukrajine, vyzvali europoslanci",
"Základom rokovaní o konci vojny na Ukrajine musí byť súčasná línia bojov, povedal Merz",
Klub 500 varuje pred ohrozením priemyslu. Slovenské firmy majú doplácať za výpadok ruského plynu,
"Taraba kývol na obrovský dopravný uzol v Bratislave. Za pol miliardy pribudne koľaj, mosty aj európsky systém",
"Pápež v Turecku vyzval na rešpekt, krajina by sa mala usilovať o medzinárodnú stabilitu",
"Pellegrini: Mier na Ukrajine je zatiaľ v rukách Trumpa, Putina a Zelenského. Európa by sa nemala rozčuľovať",
Harabin sa má opäť postaviť pred súd v kauze schvaľovania ruskej agresie,
Taliansko odovzdalo do Nemecka Ukrajinca z kauzy Nord Stream,
"Fiačan apeloval, aby Národná rada zvolila kandidátov na uvoľnené miesto sudcu Ústavného súdu",
Je kreatín bezpečný doplnok? Farmaceutka o jeho neuroprotektívnych účinkoch aj rizikách,
"SaS tvrdí, že vie, prečo chce Fico žalovať Brusel kvôli plynu",
Ako podať žiadosť o dôchodok: presný návod krok za krokom​,
"Americký plán by mohol byť základom budúcich dohôd, vraví Putin. Uisťuje, že Rusko Európu nenapadne",
"Pellegrini reagoval na stretnutie s koaličnými lídrami: Niekedy som zhrozený z toho, čo sa deje",
"Zástanca riadeného chaosu, ktorého vychválil aj Weiss. Zo šéfa lavičky Raya môže byť budúca trénerská hviezda",
"Kazaň dominuje rebríčku hokejových klubov, zo SR najvyššie Košice",
Do systému Dobrý anjel pribudli košické basketbalistky,
Uhynulo ďalšie zviera z košickej ZOO!,
Košickí poslanci schválili nový úver na rozvojové projekty,
Line-up micro.Wilsonicu v Bratislave a Košiciach je známy,
Košičania nemajú pred odvetou v Ríme veľké oči,
Vodiča autobusu odsúdili za napadnutie cestujúceho,
Slovensko bude dočasným domovom pre palestínskych utečencov,
AS Rím nastúpi proti Košiciam bez zranených Brighiho a Andreolliho,
STV bude hľadať detské talenty aj na východe,
Tonya Graves dodržiava české i americké zvyky,
Leteckí záchranári pomohli zranenému mužovi,
Investor potvrdil plány na úplné zbúranie PKO,
Petrovi Hochschornerovi zistili hypertenziu,
Mestskí policajti budú hliadkovať aj na Štedrý deň,
Odvoz odpadu cez sviatky bude ako v pracovné dni,
Počet poberateľov sociálnych dávok neustále rastie,
Odstúpenie Krčméryho je diskriminačným tlakom,
"Vážny chce, aby mýto vyhnalo náklad z cesty",
VIDEOANALÝZA: Nálada ekonomiky v SR sa zlepšila,
