title,category,confidence,timestamp,verified,processed
Počet obetí požiaru bytového komplexu v Hongkongu aj naďalej stúpa. Jedná sa o najsmrteľnejší požiar za posledné desaťročia,legitimate,0.5798113679220287,2025-12-03T14:50:42.031071,False,False
Vyšetrovacie operácie naprieč Nemeckom: Zadržali dvoch podozrivých členov Islamského štátu,legitimate,0.7557431645474778,2025-12-03T14:50:42.107911,False,False
Prvé priame rokovanie medzi Libanonom a Izraelom za posledné desaťročia. Prebehlo pod záštitou OSN,legitimate,0.8745453975406121,2025-12-03T14:50:42.196025,False,False
"Z bratislavského Mosta SNP skočila do Dunaja osoba, z vody ju vyťahovali hasiči",legitimate,0.4868544650077704,2025-12-03T14:50:42.280689,False,False
Knižné darčeky pre priateľov veršov a ducha,misleading,0.5854985988897519,2025-12-03T14:50:42.356270,False,False
Polícia evakuovala základnú školu v Uherskom Brode pre riziko výbuchu. V kabinete našli nebezpečnú látku,legitimate,0.6941617396348657,2025-12-03T14:50:42.446044,False,False
Liptovský Hrádok otvoril novú mestskú plaváreň za takmer štyri milióny eur,legitimate,0.8430378061858563,2025-12-03T14:50:42.529359,False,False
Európska komisia navrhla reparačnú pôžičku pre Ukrajinu. Chce použiť zmrazené ruské aktíva,legitimate,0.8175975157356823,2025-12-03T14:50:42.610202,False,False
Vyšehradská štvorka rokuje v Ostrihome. AI a zvýšenie konkurencieschopnosti v strednej Európe sú v popredí záujmu,legitimate,0.7711751924720132,2025-12-03T14:50:42.707948,False,False
Prezident Macron na návšteve Číny. Francúzska diplomacia sa zameriava na obchodné záležitosti a strategické partnerstvo,legitimate,0.7206644193290318,2025-12-03T14:50:42.794014,False,False
Belgicko odmietlo plán EÚ o zmrazených ruských aktívach. Minister Prévot upozorňuje na riziká,legitimate,0.8255445161900599,2025-12-03T14:50:42.916674,False,False
"Netflix, Edisonline či SkyShowtime? Spoznajte decembrové novinky na streamovacích platformách",clickbait,0.5432967923437086,2025-12-03T14:50:43.012498,False,False
Počet obetí povodní a zosuvov pôdy na ostrove Sumatra narastá. Tisícky ľudí sú bez domova,legitimate,0.6070808580251256,2025-12-03T14:50:43.098610,False,False
Izrael otvorí hraničný priechod Rafah pre Palestínčanov. Cieľom je koordinovaný odchod cez Egypt,legitimate,0.7030254923179423,2025-12-03T14:50:43.182275,False,False
Americká vláda zastavila spracovanie imigračných žiadostí z 19 krajín. Cieľom má byť zvýšenie bezpečnosti,legitimate,0.8091954029270633,2025-12-03T14:50:43.266969,False,False
Výrobné ceny v eurozóne aj v EÚ v októbri medzimesačne vzrástli,legitimate,0.5618580358833916,2025-12-03T14:50:43.344714,False,False
Vláda: Zvýšiť bezpečnosť na tratiach majú systém ETCS či kamery,legitimate,0.6072055351131074,2025-12-03T14:50:43.421650,False,False
"Bulharský prezident vyzval vládu na demisiu, žiada predčasné voľby",legitimate,0.5677492379385601,2025-12-03T14:50:43.501767,False,False
Súhrn vládou prerokovaných návrhov,legitimate,0.6247795460326655,2025-12-03T14:50:43.577390,False,False
Senica plánuje zrekonštruovať amfiteáter za takmer dva milióny eur,legitimate,0.4679440952778526,2025-12-03T14:50:43.652803,False,False
V Galérii Jána Koniarka otvoria výstavu laureátov Ceny Oskára Čepana,legitimate,0.8325407719177794,2025-12-03T14:50:43.775530,False,False
Piešťanský región prinesie návštevníkom vyše 120 sviatočných podujatí,legitimate,0.9334286602821394,2025-12-03T14:50:43.857136,False,False
"Vzácny list opisuje 4-ročného Mozarta, ako komponuje klavírny koncert",clickbait,0.5553647705074043,2025-12-03T14:50:43.945021,False,False
"Doplňujúce komunálne voľby budú v marci, konať sa majú v 11 obciach",legitimate,0.7211020145298008,2025-12-03T14:50:44.027866,False,False
ZÁCHRANNÁ AKCIA: Z Mosta SNP niekto skočil do Dunaja,clickbait,0.5123952083839172,2025-12-03T14:50:44.110476,False,False
Združenie obcí pripravuje výstavbu Tribečskej cyklomagistrály,legitimate,0.8959447190783101,2025-12-03T14:50:44.189531,False,False
Fico: Bez energopomoci by ceny plynu pre domácnosti stúpli o 30 %,biased,0.705486614310812,2025-12-03T14:50:44.268357,False,False
Szijjártó: Maďarsko napadne zákaz dovozu ruského plynu,biased,0.455921256086414,2025-12-03T14:50:44.352808,False,False
Raši: Slavkovský formát chce byť pri tvorbe pravidiel na úrovni EÚ,legitimate,0.667459831575656,2025-12-03T14:50:44.442639,False,False
"Vyšetrujú továreň, ktorá vyrába erotické bábiky s detským vzhľadom",clickbait,0.5796813227624408,2025-12-03T14:50:44.524471,False,False
Majiteľovi značky Zara sa darí napriek konkurencii zo strany predajcov lacnejšieho oblečenia,legitimate,0.6472020136563,2025-12-03T14:50:44.690042,False,False
"Regionálna železničná doprava bude ekologickejšia, ZSSK objednala dodávku elektro-batériových vlakov",legitimate,0.8313357832851421,2025-12-03T14:50:44.774900,False,False
"Slovensko, Česko a Rakúsko chcú pevnejšiu parlamentnú spoluprácu, Raši zdôrazňuje význam regiónu – VIDEO, FOTO",legitimate,0.896390526310702,2025-12-03T14:50:44.859631,False,False
"Chorvátskeho politika a jeho syna obvinili z výroby 1,3 milióna falošných testov na COVID-19",legitimate,0.5692911056892763,2025-12-03T14:50:44.946654,False,False
"Zabudnuté vianočné recepty: Pripravte si pochúťky, ktoré jedli naši prarodičia",clickbait,0.3781123350378864,2025-12-03T14:50:45.028419,False,False
"Migaľ vyzdvihol zrýchlenie čerpania eurofondov, záväzky pre rok 2025 sú splnené",legitimate,0.85176752485636,2025-12-03T14:50:45.106541,False,False
Kremeľ pre zákaz dovozu ruského plynu predpovedá Európskej únii úpadok,biased,0.6516191141725242,2025-12-03T14:50:45.183155,False,False
"Ľudia na Slovensku veria sile volieb, no boja sa o demokraciu",biased,0.2250951257290312,2025-12-03T14:50:45.262816,False,False
"Rubio: Rusko stráca 7-tisíc vojakov týždenne, vojna nedáva logiku",legitimate,0.5305910999030866,2025-12-03T14:50:45.344581,False,False
"Zahraničný výbor nepreberal Kaliňákovu delegáciu vo Vietname, nebol uznášaniaschopný – VIDEO",legitimate,0.7619082741870532,2025-12-03T14:50:45.431412,False,False
"Španielky obhájili titul v Lige národov, vo finále zdolali Nemky. Skórovali len hráčky FC Barcelona",legitimate,0.8330800390028272,2025-12-03T14:50:45.717112,False,False
"Dažďová voda v domácnosti. Môže prať, sprchovať aj splachovať. Dôležité je dôkladné čistenie",legitimate,0.3135305759741044,2025-12-03T14:50:45.798224,False,False
"Demokrati obvinili Huliakovo ministerstvo z masívneho plytvania, na odmeny a nájmy sa vraj míňajú stovky tisíc eur – VIDEO",biased,0.7108280607463938,2025-12-03T14:50:45.884957,False,False
"Calzona na rovinu o Pekaríkovi, Valjentovi či Makovi. Niké liga je podľa neho podpriemerná, kvalitu musí hľadať inde – FOTO",biased,0.5338899436655193,2025-12-03T14:50:45.988410,False,False
"Maslo je japonská senzácia o sériovej vrahyni, ktorá varí ako boh, a novinárke hľadajúcej pravdu",clickbait,0.228618714000311,2025-12-03T14:50:46.077163,False,False
Keď detská odvaha mení svet. Misia Láska opäť hitom medzi malými aj veľkými čitateľmi,clickbait,0.4927466422079786,2025-12-03T14:50:46.158006,False,False
"Hnutie Slovensko predložilo nový dôkaz o lustrovaní Šimečkovej matky, prípad prevzala krajská prokuratúra",legitimate,0.7667473575515202,2025-12-03T14:50:46.243538,False,False
"Leverkusen vyradil Dortmund z Nemeckého pohára, rozhodol Maza",legitimate,0.6942031831583414,2025-12-03T14:50:46.325105,False,False
"Najnovšie údaje ukazujú, že Primark napreduje v oblasti udržateľnosti aj vďaka prechodu na preferované materiály a cirkulárny dizajn",legitimate,0.6608301998662898,2025-12-03T14:50:46.414956,False,False
Prečo mačky milujú krabice? Vedci konečne prišli na odpoveď!,clickbait,0.6529684301006462,2025-12-03T14:50:46.492964,False,False
"Peskov poprel, že by Putin priamo zamietol americký plán na ukončenie vojny",legitimate,0.4294710076410106,2025-12-03T14:50:51.428688,False,False
"Poľský inštruktor v Tatrách vysekal lezecké istenie, prišiel o licenciu",legitimate,0.4822439052468493,2025-12-03T14:50:51.516694,False,False
"Bolo ich 11, nikto z nich už nebojuje. Reuters sledovala skupinu mladých ukrajinských dobrovoľníkov, zničila ich vojna",biased,0.2709529602954744,2025-12-03T14:50:51.611221,False,False
"Expert z Kyjeva tvrdí, že pred vpádom Rusov na Ukrajinu na jej území operovala maďarská tajná služba",conspiracy,0.5672649504892026,2025-12-03T14:50:51.695736,False,False
Záplavy na juhu Thajska si vyžiadali vyše 260 obetí,legitimate,0.6809201739269843,2025-12-03T14:50:51.773404,False,False
Povodne spôsobili za prvý polrok škody za takmer tri milióny eur. Najviac zasiahli Prešovský kraj,legitimate,0.6677804107563081,2025-12-03T14:50:51.860897,False,False
Oravské hradné bralo bude chráneným areálom,legitimate,0.8316259194439395,2025-12-03T14:50:51.934473,False,False
Po dlhej a ťažkej chorobe zomrel šéfredaktor SITA Martin Dargaj,legitimate,0.6312716469281324,2025-12-03T14:50:52.010693,False,False
"Vodiči, pozor. Na horskom priechode Šturec padajú skaly na vozovku",legitimate,0.4336555268821869,2025-12-03T14:50:52.091896,False,False
Juhokórejský prezident priznáva dilemu: chce sa ospravedlniť KĽDR za provokácie svojho predchodcu,legitimate,0.6097900574435849,2025-12-03T14:50:52.273549,False,False
Bývalú šéfku diplomacie EÚ Mogheriniovú obvinili z podvodu,legitimate,0.7057790973062897,2025-12-03T14:50:52.350312,False,False
"India chce od Ruska kúpiť ďalšie systémy S-400, Moskva to zvažuje",legitimate,0.5576206220969537,2025-12-03T14:50:52.429086,False,False
Ukrajina pri útoku v Rusku opäť zasiahla ropovod Družba,legitimate,0.7203471081870688,2025-12-03T14:50:52.503980,False,False
Maďarsko chce žalovať EÚ pre zákaz ruského plynu. Szijjártó sa na „boji proti diktátu" dohodol aj s Blanárom,biased,0.5364843582724038,2025-12-03T14:50:52.594512,False,False
Kto bude šéfovať Fedu?,misleading,0.7427208682682359,2025-12-03T14:50:52.662125,False,False
"Čína vyšetruje továreň, ktorá údajne vyrába erotické bábiky s detským vzhľadom",legitimate,0.2531327525571915,2025-12-03T14:50:52.739902,False,False
"Slovensko hlási najväčší pokles výrobných cien v EÚ, medziročne však mierne rástli",legitimate,0.5291317357891835,2025-12-03T14:50:52.817010,False,False
Zistenie HN: Komplikácie v starej energopomoci. Štát nečakane prestal platiť kompenzácie k cenám tepla,legitimate,0.7668979695504435,2025-12-03T14:50:52.899750,False,False
"Európska komisia navrhla reparačnú pôžičku pre Ukrajinu, použiť chce zmrazené ruské aktíva",legitimate,0.8527207652466986,2025-12-03T14:50:52.993521,False,False
Kráľ sa vracia na scénu. Bestseller od Cupry sa dočká verzie s ikonickým motorom,clickbait,0.4837720844734549,2025-12-03T14:50:53.073132,False,False
"Dubéci v HNtelevízii: Je to ináč. Benešove dekréty sú a budú, ale štát náhle siaha ľuďom na pozemky",biased,0.5154702797107419,2025-12-03T14:50:53.164816,False,False
"Slovensko zvažuje žalobu na EÚ pre zákaz ruského plynu, vláda si nechala vypracovať analýzu",legitimate,0.8396047573101362,2025-12-03T14:50:53.244568,False,False
Suskov rezort ukončil prijímanie podnetov k návrhu nového Občianskeho zákonníka,legitimate,0.6764738426561068,2025-12-03T14:50:53.320570,False,False
Belgicko stále odmieta plán EÚ použiť zmrazené ruské aktíva na podporu Ukrajiny,legitimate,0.7988406607245615,2025-12-03T14:50:53.404849,False,False
"Dialýzu na Slovensku potrebuje jedna skupina obyvateľstva čoraz viac, ukazujú údaje",misleading,0.2016147755006762,2025-12-03T14:50:53.566030,False,False
"Ukrajina podľa médií opäť zaútočila na ropovod Družba, ktorý zásobuje Slovensko a Maďarsko",legitimate,0.7983237096299213,2025-12-03T14:50:53.660557,False,False
"Kremeľ kritizuje zákaz ruského plynu, podľa Peskova sa EÚ sama odsúdila k drahším zdrojom",legitimate,0.7046825610790409,2025-12-03T14:50:53.747436,False,False
"Slovensko hľadá náhradu za ruský plyn. Prebiehajú rokovania o LNG z USA, informovala Saková",legitimate,0.7821380863676716,2025-12-03T14:50:53.826280,False,False
Desať veľkých európskych bánk sa spojilo. Chcú vytvoriť stablecoin viazaný na euro,legitimate,0.6559622643770041,2025-12-03T14:50:53.920286,False,False
"Oravské hradné bralo bude chráneným areálom, rozhodla vláda. Taraba zdôraznil bezpečnosť a opatrenia",legitimate,0.804477082078935,2025-12-03T14:50:54.004022,False,False
"Ukrajinský vyjednávač sa v Bruseli stretne s európskymi predstaviteľmi, uviedol Kyjev",legitimate,0.6550234296055591,2025-12-03T14:50:54.084713,False,False
Súkromný sektor eurozóny rástol najrýchlejším tempom za dva a pol roka,legitimate,0.5701029509251881,2025-12-03T14:50:54.160276,False,False
"Macron pricestoval do Pekingu, rokovať tam bude aj o aspektoch vojny na Ukrajine",legitimate,0.8627163713053684,2025-12-03T14:50:54.238705,False,False
Vláda schválila energopomoc. Hraničnú hodnotu bonity energetickej domácnosti stanovila na 1 930 eur za mesiac,legitimate,0.7583478513200644,2025-12-03T14:50:54.325124,False,False
"Trump chce oznámiť nového šéfa Fedu začiatkom roka, favoritom je Kevin Hassett",legitimate,0.6076400721937963,2025-12-03T14:50:54.406233,False,False
Belgicko odmieta návrhy Európskej komisie o využití zmrazených ruských aktív,legitimate,0.6812152232827053,2025-12-03T14:50:54.483090,False,False
"Sídlisko KVP chce zrevitalizovať trhovisko, projekt vyjde na vyše 400-tisíc eur",legitimate,0.7973508947505311,2025-12-03T14:50:54.570932,False,False
Modernizácia električkovej trate Nad jazerom si vyžiadala dopravné obmedzenia,legitimate,0.7528405766117482,2025-12-03T14:50:54.646782,False,False
Na diaľnici D1 zastavili štyri kamióny s nadrozmerným nákladom bez povolení,legitimate,0.476087898900698,2025-12-03T14:50:54.946317,False,False
Päť okresov východu prichádza o pomoc štátu. Kraj žiada revíziu zákona,legitimate,0.6865122868250548,2025-12-03T14:50:55.023514,False,False
Hasiči zasahovali pri požiari v zdravotníckom zariadení na Probstnerovej ceste v Levoči,legitimate,0.8073672135353779,2025-12-03T14:50:55.104250,False,False
Popradské Vianoce budú bohatšie. Mesto chystá 60 stánkov a rozšírený program,legitimate,0.8943362910401258,2025-12-03T14:50:55.187103,False,False
"V bytovom dome v Kráľovskom Chlmci vypukol požiar, na mieste sa nachádzali aj intoxikované osoby",legitimate,0.5541990988489941,2025-12-03T14:50:55.273743,False,False
Wizz Air rozširuje pôsobenie na Slovensku. V nasledujúcom roku spustí linku Košice – Rím,legitimate,0.8481849435288408,2025-12-03T14:50:55.803184,False,False
"Esbéeskárovi sa vyhrážal, že ho podreže aj s jeho rodinou. Dostal štyri mesiace väzenia",legitimate,0.5261056511432365,2025-12-03T14:50:56.201380,False,False
Miliónové nedoplatky štátu? Košičania prehodili firmu a podnikajú ďalej,misleading,0.2079155611445963,2025-12-03T14:50:58.201859,False,False
Železničná spoločnosť nakúpi batériové vlaky za 144 miliónov eur,legitimate,0.7623668559538543,2025-12-03T14:50:58.362368,False,False
"Prada kúpila svojho módneho konkurenta, značku Versace",legitimate,0.7203438417633301,2025-12-03T14:50:58.453264,False,False
Demokrati upozorňujú na rozsiahle plytvanie na ministerstve cestovného ruchu pod vedením Huliaka,biased,0.7524054767717535,2025-12-03T14:50:58.614895,False,False
"Slovenské firmy brzdí globálny útlm, zisky klesajú a konkurencia z Číny silnie",legitimate,0.4487771772012617,2025-12-03T14:50:58.706438,False,False
MIMORIADNE Vláda schválila akčný plán zvýšenia bezpečnosti na železnici,legitimate,0.7252354758948333,2025-12-03T14:50:46.584804,False,False
"Chystáte sa s deťmi presúvať na Vianoce vlakom? Zaručený spôsob, ako ich cestou zabavíte",clickbait,0.3935027926831536,2025-12-03T14:50:46.669447,False,False
Toto je rebríček najlepších slovenských nemocníc za rok 2025: Čo všetko hodnotili odborníci,clickbait,0.461884921837525,2025-12-03T14:50:46.751933,False,False
Polícia evakuuje školu v Uherskom Brode: Hrozí tu výbuch!,clickbait,0.7091702248824661,2025-12-03T14:50:46.832868,False,False
FOTO Expartneri Marek Fašiang a Tereza Bizíková opäť spolu: Spojila ich oslava dcérky,clickbait,0.7025444536887936,2025-12-03T14:50:46.922615,False,False
"V koalícii to opäť vrie: Hlas bojuje s rebelom, Smer stráži väčšinu a Danko odmieta Úrad vlády",biased,0.3739049728090844,2025-12-03T14:50:47.009715,False,False
"Dvojičky Julie Roberts sú dospelé, aha: Dcéra ako obrázok a syn? Jediný zdedil ikonické vlasy",clickbait,0.3837461231618675,2025-12-03T14:50:47.097533,False,False
Vláda reaguje na postupnú stopku ruskému plynu: Bude Slovensko podávať žalobu?,legitimate,0.7592213358846606,2025-12-03T14:50:47.178186,False,False
FOTO Speváčka Lucie Vondráčková: Rozchod s o 18 rokov mladším zajačikom!,clickbait,0.6211919665248703,2025-12-03T14:50:47.264117,False,False
Šimkovičová ako Lord Voldemort? Drlička dostal verdikt od súdu: Jej meno už nesmie vyslovovať!,clickbait,0.4201073843027236,2025-12-03T14:50:47.351697,False,False
MIMORIADNE Vláda schválila adresnú energopomoc: Bez nej by ceny stúpli o 22 až 30 percent!,clickbait,0.6247221022322413,2025-12-03T14:50:47.641774,False,False
"Mario Cimarro: Rozvod, zákaz priblíženia a teraz? Fanúšikom oznámil mimoriadne smutnú správu",clickbait,0.3347421068757804,2025-12-03T14:50:47.722408,False,False
Európska únia chce stopnúť ruský plyn už v roku 2027: Saková prezradila plán Slovenska!,clickbait,0.4445219396037851,2025-12-03T14:50:47.801515,False,False
Za pol roka vykradol osem predajní: Zlodejovi (36) hrozí až 8 rokov za mrežami,clickbait,0.4911513719748817,2025-12-03T14:50:47.883237,False,False
Galaktická zlodejina v Bratislave? Mesto platí za smetiarov desaťtisíce eur!,clickbait,0.6976103369501072,2025-12-03T14:50:47.965087,False,False
S Jágrom pracoval aj kouč Jelínek: Aké mal hráč raňajkové neresti a pili by ste jeho kávu?,clickbait,0.5540677043354125,2025-12-03T14:50:48.053731,False,False
Výhra pre naše peňaženky? Revolúcia v streamovacích službách: Netflix chce kúpiť HBO Max,clickbait,0.4904865640991619,2025-12-03T14:50:48.139463,False,False
"FOTO Ničivý požiar v Kráľovskom Chlmci: Ľudí evakuovali cez okná, mnohí sa priotrávili",clickbait,0.4532656833249558,2025-12-03T14:50:48.228274,False,False
"FOTO Melania Trump vyzdobila Biely dom: Prekonala sa! TOTO tam ešte nemali! Krásne, čo...",clickbait,0.3246920908015691,2025-12-03T14:50:48.313282,False,False
ÚVZ radí: Na čo si treba dať pozor na vianočných trhoch? Z takýchto stánkov si nič nekupujte!,clickbait,0.4522464952404272,2025-12-03T14:50:48.405238,False,False
Ktoré domácnosti dostanú dotáciu na drahšiu elektrinu? Vláda stanovila maximálny príjem,legitimate,0.6986471347990877,2025-12-03T14:50:48.494970,False,False
Rusko obsadí Donbas rokovaniami alebo silou. Putin sa vojnou vyhrážal aj Európe,legitimate,0.5174534375981625,2025-12-03T14:50:48.579556,False,False
"Nové obavy, kritika pokračuje. Olympijský ľad bude mať iné rozmery ako v NHL",legitimate,0.6660948933793637,2025-12-03T14:50:48.660076,False,False
"Váš projekt bude vytŕčať, počul developer. Po roku našiel s magistrátom zhodu",legitimate,0.8459459371752474,2025-12-03T14:50:48.742700,False,False
"Najlepšie nemocnice sú v Ružomberku a Košiciach-Šaci, ukazujú najnovšie rebríčky",legitimate,0.7218820160827303,2025-12-03T14:50:48.824441,False,False
"Kandidát na primátora Winkler: Zavediem pokutovú amnestiu, budem prepúšťať úradníkov",legitimate,0.6968206267920957,2025-12-03T14:50:48.908658,False,False
"Slovensko nahradí dodávky plynu z Ruska inými zdrojmi, rokujú o LNG z USA",legitimate,0.8492732167343632,2025-12-03T14:50:48.987066,False,False
"Deň, ktorý si navždy zapamätá. Haaland je na rekord pyšný, Guardiola záver pretrpel",biased,0.4467389995311737,2025-12-03T14:50:49.072590,False,False
SME Minúta: Účastníkom Impact Summitu sa prihovorila aj Sviatlana Cichanovská,legitimate,0.7467698632246036,2025-12-03T14:50:49.157214,False,False
"Šikanu a zneužívanie odpočúvania v SIS, o ktorých hovorí bývalý príslušník, má Gašpar prísť vysvetliť poslancom",legitimate,0.5897648399895588,2025-12-03T14:50:49.242138,False,False
SME Minúta: Ukrajina uskutočnila v Rusku ďalší útok na ropovod Družb,legitimate,0.7231240890005829,2025-12-03T14:50:49.531425,False,False
Únos médií v priamom prenose,misleading,0.5593745132811636,2025-12-03T14:50:49.601318,False,False
Mnohomiliónový projekt stroskotal. Nitky kauzy Bioplyn vedú k známemu košickému podnikateľovi,clickbait,0.3083405020183588,2025-12-03T14:50:49.681879,False,False
"Huliak o fonde, ktorý nejasne delí milióny: Máme nejaké udania? Neviem",legitimate,0.2650200530345211,2025-12-03T14:50:49.760584,False,False
"Čelil obrovi, odišiel smutný. Hancko skúšal všetko, mal stále plnú nádrž, tvrdil expert",biased,0.3460928844620256,2025-12-03T14:50:49.846445,False,False
Hra my proti nim oslabuje všetkých,biased,0.3008066104882831,2025-12-03T14:50:49.916446,False,False
Stavebná uzávera stopla nové apartmány v Demänovskej Doline. Ďalšie uzávery budú nasledovať,legitimate,0.8311394174961155,2025-12-03T14:50:49.998961,False,False
Cynická obluda: Skanzen chabo maskovaný za štát,biased,0.3371869701451035,2025-12-03T14:50:50.162135,False,False
"ONLINE: EK navrhla reparačnú pôžičku pre Ukrajinu, použiť chce zmrazené ruské aktíva",legitimate,0.7963099343254526,2025-12-03T14:50:50.239110,False,False
"Zahraničný výbor nepreberal Kaliňákovu delegáciu vo Vietname, nebol uznášaniaschopný. Chýbali koaliční poslanci",legitimate,0.7636100808892272,2025-12-03T14:50:50.339953,False,False
"Ukrajinci opäť zaútočili na ruský ropovod Družba, vyhodili ho do vzduchu",legitimate,0.6536066691877125,2025-12-03T14:50:50.419783,False,False
Raši: Krajiny Slavkovského formátu chcú byť pri tvorbe pravidiel na úrovni EÚ,legitimate,0.6951016755082111,2025-12-03T14:50:50.496729,False,False
Z mosta SNP skočila do Dunaja osoba. Museli ju resuscitovať,legitimate,0.5312678048777566,2025-12-03T14:50:50.576641,False,False
Hnutie Slovensko predložilo nový dôkaz v kauze lustrovania Šimečkovej matky,legitimate,0.5718235601151901,2025-12-03T14:50:50.655261,False,False
"Polícia evakuuje základnú školu v Uherskom Brode, hrozí tam výbuch nebezpečnej látky",legitimate,0.7077450226110504,2025-12-03T14:50:50.733927,False,False
Netradičný bruselský betlehem bez tvárí vyvolal kontroverzie. Ježiškovi sťali hlavu,biased,0.6719340011211142,2025-12-03T14:50:50.819035,False,False
Susko predložil analýzu o možnosti žaloby na obmedzenie dovozu zemného plynu z Ruska,legitimate,0.6282572591759362,2025-12-03T14:50:50.897765,False,False
"V Kráľovskom Chlmci horel byt, evakuovali deväť ľudí",legitimate,0.5936228533962862,2025-12-03T14:50:50.977501,False,False
Prezidenti krajín V4 sa zišli v maďarskom Ostrihome,legitimate,0.7747453561794059,2025-12-03T14:50:51.060438,False,False
Priviazal sučku o bránu a bil ju rúčkou z vidiel. Seniora zo Svodína obvinila enviropolícia,legitimate,0.6874884744551124,2025-12-03T14:50:51.342163,False,False
Apple tento rok predá rekordný počet iPhonov,legitimate,0.6870584347624664,2025-12-03T14:50:58.783058,False,False
Cena elektriny pre zraniteľných odberateľov sa zníži,legitimate,0.6576949825759444,2025-12-03T14:50:58.856976,False,False
BMW plánuje výraznejšie znížiť emisie skleníkových plynov,legitimate,0.8151229240230103,2025-12-03T14:50:58.934703,False,False
OECD potvrdila svoj odhad rastu a odolnosť globálnej ekonomiky,legitimate,0.7229042330133233,2025-12-03T14:50:59.341750,False,False
"ONLINE: DAC Dunajská Streda - Zemplín Michalovce dnes, Slovnaft Cup LIVE (osemfinále)",legitimate,0.6582684864271268,2025-12-03T14:50:59.523717,False,False
Zvolen predstavil nového asistenta trénera. V lige obliekal len dres rodnej Nitry,legitimate,0.6637983482799252,2025-12-03T14:50:59.606453,False,False
Prvý tréning pre pretekmi bez ašpiranta na titul. Nahradí ho Mexičan,misleading,0.5685636279245778,2025-12-03T14:50:59.690262,False,False
Stredopoliar bude dlhšie chýbať Barcelone. Rozhodol proti Hanckovmu Atleticu,legitimate,0.6661416615121678,2025-12-03T14:50:59.773855,False,False
Aj v druhý deň sa darilo Potockej. Pokúsi sa zabojovať o prvé finále na ME,legitimate,0.6525750318962439,2025-12-03T14:50:59.854264,False,False
Zomrel dlhoročný hráč LA Lakers. Titul prekvapujúco slávil s Detroitom,legitimate,0.5441644764268139,2025-12-03T14:50:59.940756,False,False
"Haaland pokoril rekord, ďalší na rade je Ronaldo. Guardiola: Jeho čísla sú šialené",biased,0.4354807393480233,2025-12-03T14:51:00.030889,False,False
Po dekáde nastane zmena u Švajčiarov. Fischer získal štyri striebra a ešte má dve šance,legitimate,0.7271411018976843,2025-12-03T14:51:00.156046,False,False
"ONLINE: Vytrvalostné preteky mužov v Östersunde dnes, Svetový pohár v biatlone LIVE",legitimate,0.6356366258264873,2025-12-03T14:51:00.260573,False,False
Nastúpil po dvoch rokoch a zožal potlesk. Bol jedným z pätice obvinených hráčov,misleading,0.4923527117841113,2025-12-03T14:51:00.351097,False,False
Česi si zaspomínajú na rok 1996. Veria v zopakovanie slávnej cesty a postup na MS,legitimate,0.7361709391416494,2025-12-03T14:51:00.436113,False,False
Najkrajšia tvárička socialistického športu si zahrala aj vo filme a fotila pre Playboy,clickbait,0.2629460897007511,2025-12-03T14:51:00.518625,False,False
"Do reprezentácie sa chodí za odmenu, tvrdí Rabčan. Chytá, lebo nechcel striedať",biased,0.5099840565707546,2025-12-03T14:51:00.602275,False,False
Na žrebe MS sa predstaví mnoho osobností. Moderovať bude nemecká topmodelka,legitimate,0.7413031294013224,2025-12-03T14:51:00.686036,False,False
"Prešov sa na bundesligistu dotiahol až v závere. Máme sa čo učiť, hovorí tréner",legitimate,0.6256611581596518,2025-12-03T14:51:00.767591,False,False
VIDEO: Skalický dostal dištanc. Proti Brnu asistoval a neskôr znížil šance tímu na vyrovnanie,legitimate,0.6155868660780563,2025-12-03T14:51:00.855180,False,False
Počas MS sa štadión zapíše do histórie. Portugalci s Ronaldom ho znovuotvoria,legitimate,0.6861138316941656,2025-12-03T14:51:00.940734,False,False
VIDEO: Minnesota odvrátila prehru v posledných sekundách. Hrdina mal 44 bodov,legitimate,0.6856452988436929,2025-12-03T14:51:01.039264,False,False
"V druhých individuálnych pretekoch traja Slováci. Prvým bude Sklenárik, Borguľa až na koniec",legitimate,0.6283233396296114,2025-12-03T14:51:01.140851,False,False
"Výkonmi upútala majstra aj reprezentáciu. Našla som tu druhý domov, hovorí mladá futbalistka",clickbait,0.2788417814684228,2025-12-03T14:51:01.224857,False,False
Kubánsky Biely blesk si dvíhal sebavedomie aj na Slovensku. Víťazstvá venoval revolúcii,legitimate,0.6378127066381087,2025-12-03T14:51:01.306412,False,False
"VIDEO: Slafkovský na konci peknej kombinácie. Strelil 50. gól v NHL, no Montreal prehral",legitimate,0.5977697041449243,2025-12-03T14:51:01.397174,False,False
"Program, výsledky, skupiny a tabuľky - Slovensko na MS vo florbale žien 2025 (+ formát)",legitimate,0.5716077902819146,2025-12-03T14:51:01.482082,False,False
"Mihál: Ľudia až o tri mesiace zistia, ako im vláda naozaj siahla na príjmy",biased,0.3687393142748609,2025-12-03T14:51:01.563759,False,False
"Neutrácajte na zábavu, radšej pomôžte chudobným, vyzýval kňaz Bohumil Kadlečík, aby zachránil modranský sirotinec",biased,0.6019483492484304,2025-12-03T14:51:01.656736,False,False
"Je dnes trápne mať partnera? Sociologička vysvetľuje, ako sociálne siete menia naše vzťahy",clickbait,0.3921482732510166,2025-12-03T14:51:01.737708,False,False
"Ivan Korčok: Robili zo mňa hungarofóba, teraz mám príležitosť ukázať, že som ním nikdy nebol",biased,0.3920931764673349,2025-12-03T14:51:01.821439,False,False
"Poloniny sú posledná rozprávková krajina, Taraba a Kuffa ju chcú zničiť",propaganda,0.3220035099989886,2025-12-03T14:51:01.943076,False,False
"Isté pozitívne humanitné hodnoty, ktoré majú povznášať",propaganda,0.5065037355944184,2025-12-03T14:51:02.017144,False,False
Natočil film o dedine zasiahnutej výstavbou nádrže Starina: Ľudia tam dodnes cítia krivdu,legitimate,0.7693629723525325,2025-12-03T14:51:02.097012,False,False
"Budeme tu vyrábať primárne Volvo, hovorí šéf rastúcej košickej automobilky",legitimate,0.7907541093368087,2025-12-03T14:51:02.172857,False,False
Kto tu má radikálny názor na Benešove dekréty?,misleading,0.6069667041456784,2025-12-03T14:51:02.248616,False,False
"Zlepšiť bezpečnosť na železnici pomôže aj zrušenie telefonovania medzi výpravcami a výhybkármi, radí ÚHP",legitimate,0.7728945647938187,2025-12-03T14:51:02.338849,False,False
MIMORIADNE: Polícia v Česku evakuuje školu pre hrozbu výbuchu nebezpečnej látky,legitimate,0.6612364331592097,2025-12-03T14:51:02.417461,False,False
Štát rozdáva peniaze na inovácie: Firmy môžu dostať na robotizáciu až 30-tisíc eur,clickbait,0.7171101748197994,2025-12-03T14:51:02.496328,False,False
Čo o tebe hovorí tvoj vysnívaný drink? Tento osobnostný test ti to ukáže jasnejšie než horoskopy,clickbait,0.3903175084541032,2025-12-03T14:51:02.583697,False,False
Kauza lustrovania Šimečkovej matky naberá na obrátkach. Hnutie Slovensko predložilo ďalšie dôkazy,legitimate,0.6091546915666768,2025-12-03T14:51:02.668659,False,False
"Mier blokuje jediný človek a ukončenie vojny závisí od Putina, tvrdí Rubio. Šéf americkej diplomacie prehovoril o rokovaniach v Kremli",biased,0.518872141659194,2025-12-03T14:51:02.769524,False,False
"Fico tvrdí, že energopomoc zastihne až 90 % domácností: Vláda schválila návrh, ktorý zastropuje ceny energií",biased,0.6052699519748469,2025-12-03T14:51:02.854364,False,False
"Štát môže žiadať vrátenie dôchodku: Kto nesplní tieto povinnosti, ten bude mať problém",clickbait,0.4510604494967166,2025-12-03T14:51:02.930474,False,False
Slovensko si vybojovalo výnimku pre ruský plyn. Európska únia ustúpila našim požiadavkám,misleading,0.6635685474808014,2025-12-03T14:51:03.006222,False,False
Po boku Rózsu na ministerstve obrany bude pôsobiť známy hudobník. Kaliňákov rezort najal ďalšieho umelca,biased,0.6989764010714793,2025-12-03T14:51:03.087990,False,False
Oči pod náporom obrazoviek slabnú. Hrsť týchto orieškov posilňuje zrak aj prirodzený štít proti modrému svetlu,clickbait,0.5654625374973307,2025-12-03T14:51:03.177796,False,False
Najlepšie nemocnice roka 2025 sú známe: Tieto zariadenia ovládli hodnotenie naprieč všetkými ukazovateľmi (REBRÍČEK),clickbait,0.6236974217553282,2025-12-03T14:51:03.256400,False,False
Novinárska obec smúti. Po ťažkej chorobe zomrel šéfredaktor SITA Martin Dargaj,legitimate,0.783135653182667,2025-12-03T14:51:03.340545,False,False
"Oplatí sa živnostníkovi prejsť na s. r. o.? Odborníčka jasne definuje podmienky v roku 2026, na toto sa priprav",clickbait,0.7146211358397206,2025-12-03T14:51:03.428089,False,False
"Političky žiadajú hlavu Lajčáka: Ľudia, ktorí sa stýkali s Epsteinom, skončili vo verejných funkciách všade vo svete",conspiracy,0.2107113292098722,2025-12-03T14:51:04.008646,False,False
Pohoda 2026 hlási ďalšiu posilu: Na Slovensko príde jedna z najvýraznejších tvárí súčasného rapu,clickbait,0.7512990435605738,2025-12-03T14:51:04.169085,False,False
V Slovenskej filharmónii sa predstaví T. Kováč,legitimate,0.6878184525102917,2025-12-03T14:52:30.999269,False,False
Opozícia: Podanie žaloby na ukončenie dovozu ruského plynu bude hanbou,biased,0.5260279057878896,2025-12-03T14:52:31.134305,False,False
"Súd: Proces v kauze Mýtnik pokračuje, čítajú sa záverečné reči",legitimate,0.60828183655027,2025-12-03T14:52:31.228819,False,False
OSN: Jeden zo štyroch Afgancov trpí zdravotným postihnutím,legitimate,0.6724125906323373,2025-12-03T14:52:31.339348,False,False
Maďarsko napadne zákaz dovozu ruského plynu na Súdnom dvore EÚ,legitimate,0.6144853948003024,2025-12-03T14:52:40.771590,False,False
"Oplatí sa živnostníkovi prejsť na s. r. o.? Odborníčka jasne definuje podmienky v roku 2026, na toto sa priprav",clickbait,0.7146211358397206,2025-12-03T14:51:03.428089,False,False
Za 3 eurá vyhral 480-tisíc eur. Slovák získal v súťaži rentu 4-tisíc eur mesačne na celé desaťročie,clickbait,0.6805700504782587,2025-12-03T14:51:03.513729,False,False
"Izrael nasadzuje Iron Beam, prvý bojový laser na svete. Nová zbraň má zastaviť drony za pár sekúnd",clickbait,0.3933969819047535,2025-12-03T14:51:03.614278,False,False
Studený Mesiac predvedie magické nebeské divadlo: Posledný supermesiac naplní svoju fázu už čoskoro,clickbait,0.4547754528251308,2025-12-03T14:51:03.693822,False,False
10 mladých talentov môže zmeniť smerovanie Slovenska: Impact Summit #nextgen predstavil účastníkov,clickbait,0.6800390189013825,2025-12-03T14:51:03.766371,False,False
Legenda z Karpát ozdobí sviatočný stôl,clickbait,0.5897798361149112,2025-12-03T14:51:03.841413,False,False
"Slováci vlastnia najviac nehnuteľností v EÚ, no stále žijú v preplnených domácnostiach, ukázal prieskum",misleading,0.2874428316350017,2025-12-03T14:51:03.922957,False,False
"Budú Vianoce na ľade alebo na blate: Aké počasie môžeme očakávať počas sviatkov, ukazujú najnovšie predpovede",clickbait,0.5123366043455388,2025-12-03T14:51:04.091301,False,False
"Neurológ prezrádza jednu vec, ktorá udrží mozog mladým aj v 90-ke. Nemá nič spoločné s cvičením ani diétou",clickbait,0.2950202555923408,2025-12-03T14:51:04.254893,False,False
"Je rozhodnuté: Európa sa odstrihne od ruského plynu, Slovensko a Maďarsko dostanú špeciálny plán",misleading,0.6669574396312449,2025-12-03T14:51:04.335004,False,False
Predĺžili sme Cyber Monday 2025: Získaj 5 portálov Startitup Group s neobmedzeným PREMIUM obsahom za rekordných 24 €,clickbait,0.4593740137720285,2025-12-03T14:51:04.437851,False,False
Opozícia upozorňuje na reputačné riziko v súvislosti s Quang Le Hongom,legitimate,0.6808165592891966,2025-12-03T14:52:30.836753,False,False
Uvoľneného postu asistenta trénera sa vo Zvolene ujal Garip Saliji,legitimate,0.7033398992828638,2025-12-03T14:52:30.898755,False,False
V Chorvátsku obvinili ľudí z predaja milióna falošných testov na covid,legitimate,0.5806497379782809,2025-12-03T14:52:30.945266,False,False
Egypt: Priechod Rafah musí byť pre Palestínčanov otvorený obojsmerne,legitimate,0.4911584468425511,2025-12-03T14:52:31.076776,False,False
Reuters: Ukrajina pri útoku v Rusku opäť zasiahla ropovod Družba,legitimate,0.8298574990136672,2025-12-03T14:52:31.174305,False,False
V stredajších rozplavbách na ME v plávaní bola úspešná iba Potocká,legitimate,0.6815406139678263,2025-12-03T14:52:31.279823,False,False
Rakúska ekonomika sa podľa spoločnosti UniCredit dostala z recesie,legitimate,0.6639164798238988,2025-12-03T14:52:31.394349,False,False
